<monitor>
    <name>CloudFoundryFirehoseMonitor</name>
    <type>managed</type>
    <description>Monitors general status of Cloud Foundry
    </description>
    <monitor-configuration>
    </monitor-configuration>
    <monitor-run-task>
        <execution-style>continuous</execution-style>
        <execution-frequency-in-seconds>60</execution-frequency-in-seconds>
        <name>CloudFoundry Firehose Monitor Run Task</name>
        <display-name>CloudFoundry Firehose Monitor Task</display-name>
        <description>CloudFoundry Firehose Monitor Task</description>
        <type>java</type>
        <execution-timeout-in-secs>120</execution-timeout-in-secs>
        <task-arguments>
            <!-- config file-->
            <argument name="config-file" is-required="true" default-value="monitors/PCFMonitor/config.yaml"/>
        </task-arguments>
        <java-task>
            <classpath>firehose-monitoring-extension.jar</classpath>
            <impl-class>com.appdynamics.extension.cloudfoundry.CfFirehoseMonitor</impl-class>
        </java-task>
    </monitor-run-task>
</monitor>
